{
    "input_sensitivity": 0.7908533826553578,
    "output_gain": 0.18578686132179548
}