{
    "input_sensitivity": 0.7932985105020695,
    "output_gain": 0.18578686132179548
}