{
    "input_sensitivity": 0.08315316628804736,
    "output_gain": 0.18578686132179548
}